Workbook

Sheet Inputs
A1: Parâmetro | B1: Valor
A2: Num displays | B2: 10
A3: Usd to brl | B3: 5.6
A4: Revenue per display month usd | B4: 30
A5: Gross margin pct | B5: 0.6
A6: Initial hardware cost usd | B6: 150
A7: Api calls per month | B7: 10000
A8: Api cost usd per 10k calls | B8: 40
A9: Storage gb per display | B9: 5
A10: Storage cost usd per gb | B10: 0.12
A11: Network gb per display | B11: 10
A12: Network cost usd per gb | B12: 0.05
A13: Monitoring cost per display usd | B13: 2
A14: Maintenance cost per display usd | B14: 3

Sheet Resultados
A1: Componente / Métrica | B1: Edge Local (USD) | C1: Cloud Total (USD) | D1: Híbrido (USD)
A2: Hardware amortizado (por display) | B2: =Inputs!$B$6 -> 0 | C2: 0 | D2: =Inputs!$B$6/2 -> 0
A3: API IA (por display, mensal) | B3: =0 -> 0 | C3: =(Inputs!$B$7/10000)*Inputs!$B$8 -> 0 | D3: =(Inputs!$B$7/10000)*Inputs!$B$8/2 -> 0
A4: Armazenamento (por display, mensal) | B4: =Inputs!$B$9*Inputs!$B$10 -> 0 | C4: =Inputs!$B$9*Inputs!$B$10 -> 0 | D4: =Inputs!$B$9*Inputs!$B$10/2 -> 0
A5: Rede / CDN (por display, mensal) | B5: =Inputs!$B$11*Inputs!$B$12 -> 0 | C5: =Inputs!$B$11*Inputs!$B$12 -> 0 | D5: =Inputs!$B$11*Inputs!$B$12/2 -> 0
A6: Monitoramento (por display, mensal) | B6: =Inputs!$B$13 -> 0 | C6: =Inputs!$B$13 -> 0 | D6: =Inputs!$B$13 -> 0
A7: Manutenção (por display, mensal) | B7: =Inputs!$B$14 -> 0 | C7: =Inputs!$B$14 -> 0 | D7: =Inputs!$B$14 -> 0
A8: Custo por display (mensal) | B8: =SUM(B2:B7) -> 0 | C8: =SUM(C2:C7) -> 0 | D8: =SUM(D2:D7) -> 0
A9: Total (todas as displays) | B9: =B8*Inputs!$B$2 -> 0 | C9: =C8*Inputs!$B$2 -> 0 | D9: =D8*Inputs!$B$2 -> 0
A11: Conversão (USD → BRL)
A12: Taxa USD→BRL | B12: =Inputs!$B$3 -> 0
A13: Total (BRL) - Híbrido | B13: =D9*B12 -> 0

Sheet Incremental
A1: Displays | B1: Edge Local (USD/mês) | C1: Cloud (USD/mês) | D1: Híbrido (USD/mês)
A2: 1 | B2: =Resultados!$B$8*1 -> 0 | C2: =Resultados!$C$8*1 -> 0 | D2: =Resultados!$D$8*1 -> 0
A3: 5 | B3: =Resultados!$B$8*5 -> 0 | C3: =Resultados!$C$8*5 -> 0 | D3: =Resultados!$D$8*5 -> 0
A4: 10 | B4: =Resultados!$B$8*10 -> 0 | C4: =Resultados!$C$8*10 -> 0 | D4: =Resultados!$D$8*10 -> 0
A5: 25 | B5: =Resultados!$B$8*25 -> 0 | C5: =Resultados!$C$8*25 -> 0 | D5: =Resultados!$D$8*25 -> 0
A6: 50 | B6: =Resultados!$B$8*50 -> 0 | C6: =Resultados!$C$8*50 -> 0 | D6: =Resultados!$D$8*50 -> 0

Sheet ROI
A1: Month | B1: Monthly Revenue (USD) | C1: Monthly Margin (USD) | D1: Monthly Cost Híbrido (USD) | E1: Monthly Net (USD) | F1: Cumulative Cashflow (USD)
A2: 1 | B2: =Inputs!$B$2*Inputs!$B$4 -> 0 | C2: =B2*Inputs!$B$5 -> 0 | D2: =Resultados!$D$9 -> 0 | E2: =C2-D2 -> 0 | F2: =E2-Inputs!$B$2*Inputs!$B$6 -> 0
A3: 2 | B3: =Inputs!$B$2*Inputs!$B$4 -> 0 | C3: =B3*Inputs!$B$5 -> 0 | D3: =Resultados!$D$9 -> 0 | E3: =C3-D3 -> 0 | F3: =F2+E3 -> 0
A4: 3 | B4: =Inputs!$B$2*Inputs!$B$4 -> 0 | C4: =B4*Inputs!$B$5 -> 0 | D4: =Resultados!$D$9 -> 0 | E4: =C4-D4 -> 0 | F4: =F3+E4 -> 0
A5: 4 | B5: =Inputs!$B$2*Inputs!$B$4 -> 0 | C5: =B5*Inputs!$B$5 -> 0 | D5: =Resultados!$D$9 -> 0 | E5: =C5-D5 -> 0 | F5: =F4+E5 -> 0
A6: 5 | B6: =Inputs!$B$2*Inputs!$B$4 -> 0 | C6: =B6*Inputs!$B$5 -> 0 | D6: =Resultados!$D$9 -> 0 | E6: =C6-D6 -> 0 | F6: =F5+E6 -> 0
A7: 6 | B7: =Inputs!$B$2*Inputs!$B$4 -> 0 | C7: =B7*Inputs!$B$5 -> 0 | D7: =Resultados!$D$9 -> 0 | E7: =C7-D7 -> 0 | F7: =F6+E7 -> 0
A8: 7 | B8: =Inputs!$B$2*Inputs!$B$4 -> 0 | C8: =B8*Inputs!$B$5 -> 0 | D8: =Resultados!$D$9 -> 0 | E8: =C8-D8 -> 0 | F8: =F7+E8 -> 0
A9: 8 | B9: =Inputs!$B$2*Inputs!$B$4 -> 0 | C9: =B9*Inputs!$B$5 -> 0 | D9: =Resultados!$D$9 -> 0 | E9: =C9-D9 -> 0 | F9: =F8+E9 -> 0
A10: 9 | B10: =Inputs!$B$2*Inputs!$B$4 -> 0 | C10: =B10*Inputs!$B$5 -> 0 | D10: =Resultados!$D$9 -> 0 | E10: =C10-D10 -> 0 | F10: =F9+E10 -> 0
A11: 10 | B11: =Inputs!$B$2*Inputs!$B$4 -> 0 | C11: =B11*Inputs!$B$5 -> 0 | D11: =Resultados!$D$9 -> 0 | E11: =C11-D11 -> 0 | F11: =F10+E11 -> 0
A12: 11 | B12: =Inputs!$B$2*Inputs!$B$4 -> 0 | C12: =B12*Inputs!$B$5 -> 0 | D12: =Resultados!$D$9 -> 0 | E12: =C12-D12 -> 0 | F12: =F11+E12 -> 0
A13: 12 | B13: =Inputs!$B$2*Inputs!$B$4 -> 0 | C13: =B13*Inputs!$B$5 -> 0 | D13: =Resultados!$D$9 -> 0 | E13: =C13-D13 -> 0 | F13: =F12+E13 -> 0
A14: 13 | B14: =Inputs!$B$2*Inputs!$B$4 -> 0 | C14: =B14*Inputs!$B$5 -> 0 | D14: =Resultados!$D$9 -> 0 | E14: =C14-D14 -> 0 | F14: =F13+E14 -> 0
... A37: 36 | B37: =Inputs!$B$2*Inputs!$B$4 -> 0 | C37: =B37*Inputs!$B$5 -> 0 | D37: =Resultados!$D$9 -> 0 | E37: =C37-D37 -> 0 | F37: =F36+E37 -> 0

Sheet Build_vs_Buy
A1: Categoria | B1: Open Source (Edge) | C1: Cloud Vendor | D1: Comentário
A2: Custo inicial | B2: Médio/Alto (hardware) | C2: Baixo | D2: SBC e setup local
A3: Custo recorrente | B3: Baixo | C3: Médio/Alto | D3: Cloud IA billing
A4: Escalabilidade | B4: Média | C4: Alta | D4: Auto-scaling cloud
A5: Controle de dados | B5: Total | C5: Limitado | D5: LGPD e privacidade
A6: Flexibilidade | B6: Alta | C6: Média | D6: Vendor lock-in
A7: Tempo de implantação | B7: Médio | C7: Curto | D7: Serviços prontos
A8: Manutenção | B8: Interna | C8: Gerenciada | D8: Trade-off técnico
